date,total_sales,transaction_count
2019-03-09,7474.05,16
2019-02-07,7228.21,20
2019-03-14,7214.63,18
2019-02-15,6830.79,19
2019-03-02,6560.31,18
2019-03-05,6230.88,17
2019-01-23,5994.19,17
2019-01-15,5944.26,13
2019-02-27,5859.45,14
2019-03-19,5740.39,16
2019-02-03,5467.93,14
2019-03-20,5458.2,15
2019-01-24,5402.05,13
2019-02-17,5299.57,13
2019-01-08,5293.73,18
2019-01-31,5232.5,14
2019-01-12,5184.76,11
2019-02-08,5084.66,12
2019-01-28,4999.71,14
2019-01-19,4914.72,16
2019-03-03,4853.17,14
2019-02-25,4807.24,16
2019-01-01,4745.18,12
2019-01-25,4700.37,17
2019-01-27,4635.9,14
2019-02-11,4542.15,8
2019-03-30,4487.06,11
2019-01-26,4457.51,17
2019-01-16,4289.08,10
2019-02-19,4228.12,9
2019-02-02,4140.95,14
2019-03-23,4095.04,11
2019-03-29,4023.24,8
2019-01-14,3966.62,13
2019-03-04,3894.44,12
2019-03-12,3677.55,12
2019-01-20,3655.45,10
2019-01-06,3614.2,9
2019-01-10,3560.95,9
2019-01-05,3536.68,12
2019-01-29,3516.57,12
2019-03-24,3477.46,11
2019-02-09,3271.89,13
2019-03-22,3179.15,10
2019-03-10,3163.23,12
2019-03-16,3154.47,9
2019-01-17,3142.75,11
2019-02-10,3141.02,11
2019-03-08,3125.39,11
2019-03-06,3092.6,11
2019-02-05,3031.13,12
2019-01-09,3021.34,8
2019-02-12,2998.99,8
2019-03-11,2961.25,11
2019-03-15,2942.42,12
2019-02-06,2905.42,13
2019-03-27,2902.82,10
2019-01-07,2834.24,9
2019-01-18,2780.47,9
2019-02-24,2722.46,9
2019-02-20,2706.42,10
2019-03-01,2634.37,10
2019-01-30,2558.26,9
2019-02-16,2503.77,8
2019-02-14,2454.09,8
2019-01-13,2451.2,10
2019-02-01,2444.54,6
2019-02-22,2442.31,11
2019-02-04,2439.5,11
2019-02-26,2408.16,9
2019-01-21,2392.1,8
2019-02-23,2339.59,8
2019-03-25,2272.97,9
2019-03-28,2229.4,10
2019-01-11,2114.96,8
2019-02-28,2097.02,6
2019-01-03,2078.13,8
2019-03-13,2063.61,10
2019-03-17,1976.29,6
2019-03-26,1962.51,13
2019-01-02,1945.5,8
2019-03-21,1877.52,6
2019-01-22,1704.77,7
2019-01-04,1623.69,6
2019-02-18,1496.03,7
2019-03-07,1438.26,9
2019-02-21,1393.74,6
2019-03-18,1292.83,7
2019-02-13,934.24,8
